{"mean":{"confidence_interval":{"confidence_level":0.95,"lower_bound":0.005979139197376637,"upper_bound":0.007322935034075267},"point_estimate":0.006635052002304853,"standard_error":0.0003411594681771933},"median":{"confidence_interval":{"confidence_level":0.95,"lower_bound":0.0045500812115060185,"upper_bound":0.0073527049438235625},"point_estimate":0.005118426681613331,"standard_error":0.0007789070685534309}}