{"mean":{"confidence_interval":{"confidence_level":0.95,"lower_bound":16913560.79966667,"upper_bound":17195538.50491667},"point_estimate":17053698.82666667,"standard_error":72139.19490967112},"median":{"confidence_interval":{"confidence_level":0.95,"lower_bound":16926435.833333336,"upper_bound":17299072.333333332},"point_estimate":17097632.833333336,"standard_error":90114.36567323825},"median_abs_dev":{"confidence_interval":{"confidence_level":0.95,"lower_bound":597200.9062975631,"upper_bound":889439.5044267941},"point_estimate":768961.5958482041,"standard_error":76082.20386660653},"slope":null,"std_dev":{"confidence_interval":{"confidence_level":0.95,"lower_bound":630922.2381716279,"upper_bound":818644.9898951753},"point_estimate":729582.3927496438,"standard_error":47807.37652735024}}