{"mean":{"confidence_interval":{"confidence_level":0.95,"lower_bound":34000164.527499996,"upper_bound":34009182.9415},"point_estimate":34004571.18,"standard_error":2297.861861709914},"median":{"confidence_interval":{"confidence_level":0.95,"lower_bound":33997440.0,"upper_bound":34007545.5},"point_estimate":34001067.75,"standard_error":2314.2542210838897},"median_abs_dev":{"confidence_interval":{"confidence_level":0.95,"lower_bound":14870.848385989666,"upper_bound":24911.01540774107},"point_estimate":19800.122648477554,"standard_error":2557.7234633472567},"slope":null,"std_dev":{"confidence_interval":{"confidence_level":0.95,"lower_bound":18238.31254254268,"upper_bound":27789.85403072432},"point_estimate":23077.407614475385,"standard_error":2465.546016980903}}