{"mean":{"confidence_interval":{"confidence_level":0.95,"lower_bound":-0.005563381979068677,"upper_bound":-0.004841600082108527},"point_estimate":-0.005208743442149721,"standard_error":0.00018163698160409818},"median":{"confidence_interval":{"confidence_level":0.95,"lower_bound":-0.005775942683871937,"upper_bound":-0.005008138205824806},"point_estimate":-0.005287943038298937,"standard_error":0.00020323717475172675}}