{"mean":{"confidence_interval":{"confidence_level":0.95,"lower_bound":87303488.08,"upper_bound":87381514.5},"point_estimate":87340884.94,"standard_error":19798.27750605792},"median":{"confidence_interval":{"confidence_level":0.95,"lower_bound":87223428.0,"upper_bound":87407902.0},"point_estimate":87260100.0,"standard_error":52051.08230468375},"median_abs_dev":{"confidence_interval":{"confidence_level":0.95,"lower_bound":105810.93622148037,"upper_bound":245164.95554745197},"point_estimate":178261.8904352188,"standard_error":34496.23794141516},"slope":null,"std_dev":{"confidence_interval":{"confidence_level":0.95,"lower_bound":151997.82344188515,"upper_bound":247950.5464076993},"point_estimate":197872.36950731857,"standard_error":25200.036250417368}}