{"mean":{"confidence_interval":{"confidence_level":0.95,"lower_bound":-0.010274868709928026,"upper_bound":0.011246608363897114},"point_estimate":0.0008499214315662584,"standard_error":0.00552052922655574},"median":{"confidence_interval":{"confidence_level":0.95,"lower_bound":-0.017419042589105982,"upper_bound":0.011183307747497132},"point_estimate":-0.0007312704662174596,"standard_error":0.008023596530025545}}